10.0.0.1;sdfsdf;1;dfgsdffgsdgsdfhfgjddsfhfghdf
10.0.0.2;cxvsdf;1;dfgsdffgsdgsdfhfgjddsfhfghdf
10.0.0.12;sdgmjh;1;dfgsdffgsdgsdfhfgjddsfhfghdf
10.0.0.11;asdfjhk;1;dfgsdffgsdgsdfhfgjddsfhfghdf
10.0.0.221;sadfasdfas;1;dfgsdffgsdgsdfhfgjddsfhfghdf
10.0.0.41;fgsdfgsd;1;dfgsdffgsdgsdfhfgjddsfhfghdf
10.0.0.51;fgsdfgsd;1;dfgsdffgsdgsdfhfgjddsfhfghdf
10.0.0.61;asdf;1;dfgsdffgsdgsdfhfgjddsfhfghdf
10.0.0.71;fgs77dfgsd;1;dfgsdffgsdgsdfhfgjddsfhfghdf
10.0.0.81;fgsdf7gsd;1;dfgsdffgsdgsdfhfgjddsfhfghdf
10.0.0.91;fgsdf4gsd;1;dfgsdffgsdgsdfhfgjddsfhfghdf
10.0.0.101;qwer34qwe;1;dfgsdffgsdgsdfhfgjddsfhfghdf
10.0.0.111;fgs88dfgsd;1;dfgsdffgsdgsdfhfgjddsfhfghdf
10.0.0.121;fgs43dfgsd;1;dfgsdffgsdgsdfhfgjddsfhfghdf
10.0.0.141;fgsdf77gsd;1;dfgsdffgsdgsdfhfgjddsfhfghdf
10.0.0.161;hjlh234jklhj;1;dfgsdffgsdgsdfhfgjddsfhfghdf
10.0.0.155;fgsd234fgsd;1;dfgsdffgsdgsdfhfgjddsfhfghdf
10.0.0.121;asdks868dfas;1;dfgsdffgsdgsdfhfgjddsfhfghdf
10.0.0.115;fgs3drfgsd;1;dfgsdffgsdgsdfhfgjddsfhfghdf
10.0.0.100;fgs45564dfgsd;1;dfgsdffgsdgsdfhfgjddsfhfghdf
10.0.0.171;fgsdfg4564sd;1;dfgsdffgsdgsdfhfgjddsfhfghdf